선사,선명
XPR,BIG GEORGE
ONE,CONTI CONTESSA
HMM,HMM EMERALD
HMM,HMM HANUL
HMM,HMM HARVEST
HMM,HMM IVY
HMM,HMM MASTER
HMM,HMM MIRACLE
HMM,HMM PEARL
HMM,HMM PROMISE
HMM,HMM RAON
HMM,HYUNDAI BRAVE
HMM,HYUNDAI PLATINUM
ONE,HYUNDAI PLUTO
HMM,HYUNDAI PRIVILEGE
HMM,HYUNDAI SUPREME
HMM,HYUNDAI VOYAGER
ONE,IRENES RALLY
FES,JI YU
FES,MYD GUANGZHOU
ONE,NYK DANIELLA
AAA,SIMULATION CODE
YML,YM TRANQUILITY
YML,YM TRAVEL
FES,ZHONG CHUAN HAI YUN
