선석,선사,모선항차,선사항차,선명,항로,반입마감시한,접안예정일시,출항예정일시,양하,적하,shift,AMP,상태,총톤수,LOA,양적하물량,입항시간,입항요일,입항분기,입항계절,predicted_work_time
T2(S),HMM,HHPA005,0095S/0095S,HYUNDAI PLATINUM,NEAX,2025-11-02 08:00,2025-11-02 20:00:00,2025-11-03 19:00,1316,732,54,N,ARRIVED,52467.0,255.0,2048,20,6,4,가을,1270.3564457265386
T3(S),YML,YTQL001,0017W/0017W,YM TRANQUILITY,GS2W,2025-11-02 16:00,2025-11-03 04:00:00,2025-11-04 05:00,1645,912,0,N,ARRIVED,118524.0,334.0,2557,4,0,4,가을,1646.4743249544767
T1(S),HMM,HOMT013,0009W/0009W,HMM MASTER,ICN,2025-11-02 20:00,2025-11-03 08:00:00,2025-11-04 00:00,471,184,0,N,ARRIVED,18812.0,172.0,655,8,0,4,가을,703.2884730585595
T2(S),HMM,HHHV006,0004S/0004S,HMM HARVEST,ICN,2025-11-03 09:00,2025-11-03 21:00:00,2025-11-04 15:00,550,413,0,N,PLANNED,17277.0,172.0,963,21,0,4,가을,885.4674376865455
T2(S),ONE,ONDL006,0166S/0166S,NYK DANIELLA,JPHS,2025-11-03 09:00,2025-11-03 21:00:00,2025-11-04 17:00,574,518,0,N,PLANNED,26968.0,210.0,1092,21,0,4,가을,989.3013527537693
T1(S),XPR,BIGE002,25045W/25045W,BIG GEORGE,BH2,2025-11-03 14:00,2025-11-04 02:00:00,2025-11-05 03:00,948,777,0,N,PLANNED,25499.0,199.0,1725,2,1,4,가을,1464.6987237320202
T3(S),HMM,HOIV001,0001W/0001W,HMM IVY,FIL,2025-11-03 19:00,2025-11-04 07:00:00,2025-11-04 21:00,0,660,0,N,PLANNED,53254.625,240.875,660,7,1,4,가을,571.2057303279025
T1(S),HMM,HHPV007,0114W/0114S,HYUNDAI PRIVILEGE,NEAX,2025-11-05 21:00,2025-11-06 09:00:00,2025-11-07 04:00,1261,800,0,N,PLANNED,52467.0,255.0,2061,9,3,4,가을,1129.7005287285072
T2(S),MSC,MMAX001,FK544A/FK544A,MSC MARGRIT XIII,AAB,2025-11-06 00:00,2025-11-06 12:00:00,2025-11-06 21:00,105,634,0,N,PLANNED,53254.625,240.875,739,12,3,4,가을,621.5213593092498
T3(S),YML,YTVL001,0024E/0024E,YM TRAVEL,EC2E,2025-11-06 00:00,2025-11-06 12:00:00,2025-11-07 15:00,400,2500,100,N,PLANNED,53254.625,240.875,2900,12,3,4,가을,1571.8814196352578
T2(S),HMM,HHPP003,0046W/0046W,HMM PROMISE,FIM,2025-11-06 09:00,2025-11-06 21:00:00,2025-11-08 01:00,1015,1700,20,N,PLANNED,114023.0,330.0,2715,21,3,4,가을,1736.2472491462934
